YEAR,MONTH,SUBDIVISION,Jan,Feb,Mar,Apr,May,Jun,Jul,Aug,Sep,Oct,Nov,Dec,ANNUAL
2015,1,Assam & Meghalaya,13.6,13.6,13.6,13.6,13.6,13.6,13.6,13.6,13.6,13.6,13.6,13.6,162.7
2015,1,Sub-Himalayan West Bengal & Sikkim,13.3,13.3,13.3,13.3,13.3,13.3,13.3,13.3,13.3,13.3,13.3,13.3,159.3
2015,1,Naga-Mani-Mizo-Tripura,13.9,13.9,13.9,13.9,13.9,13.9,13.9,13.9,13.9,13.9,13.9,13.9,166.6
2015,1,Arunachal Pradesh,22.0,22.0,22.0,22.0,22.0,22.0,22.0,22.0,22.0,22.0,22.0,22.0,264.2
2015,2,Assam & Meghalaya,13.7,13.7,13.7,13.7,13.7,13.7,13.7,13.7,13.7,13.7,13.7,13.7,164.7
2015,2,Sub-Himalayan West Bengal & Sikkim,0.0,0.0,0.0,0.0,0.0,0.0,0.0,0.0,0.0,0.0,0.0,0.0,0.3
2015,2,Naga-Mani-Mizo-Tripura,18.3,18.3,18.3,18.3,18.3,18.3,18.3,18.3,18.3,18.3,18.3,18.3,219.9
2015,2,Arunachal Pradesh,12.3,12.3,12.3,12.3,12.3,12.3,12.3,12.3,12.3,12.3,12.3,12.3,147.9
2015,3,Assam & Meghalaya,12.8,12.8,12.8,12.8,12.8,12.8,12.8,12.8,12.8,12.8,12.8,12.8,154.0
2015,3,Sub-Himalayan West Bengal & Sikkim,16.2,16.2,16.2,16.2,16.2,16.2,16.2,16.2,16.2,16.2,16.2,16.2,193.9
2015,3,Naga-Mani-Mizo-Tripura,17.3,17.3,17.3,17.3,17.3,17.3,17.3,17.3,17.3,17.3,17.3,17.3,207.9
2015,3,Arunachal Pradesh,26.6,26.6,26.6,26.6,26.6,26.6,26.6,26.6,26.6,26.6,26.6,26.6,319.6
2015,4,Assam & Meghalaya,21.6,21.6,21.6,21.6,21.6,21.6,21.6,21.6,21.6,21.6,21.6,21.6,258.8
2015,4,Sub-Himalayan West Bengal & Sikkim,16.1,16.1,16.1,16.1,16.1,16.1,16.1,16.1,16.1,16.1,16.1,16.1,193.3
2015,4,Naga-Mani-Mizo-Tripura,7.6,7.6,7.6,7.6,7.6,7.6,7.6,7.6,7.6,7.6,7.6,7.6,91.4
2015,4,Arunachal Pradesh,4.9,4.9,4.9,4.9,4.9,4.9,4.9,4.9,4.9,4.9,4.9,4.9,58.2
2015,5,Assam & Meghalaya,87.4,87.4,87.4,87.4,87.4,87.4,87.4,87.4,87.4,87.4,87.4,87.4,1048.7
2015,5,Sub-Himalayan West Bengal & Sikkim,119.3,119.3,119.3,119.3,119.3,119.3,119.3,119.3,119.3,119.3,119.3,119.3,1432.0
2015,5,Naga-Mani-Mizo-Tripura,81.2,81.2,81.2,81.2,81.2,81.2,81.2,81.2,81.2,81.2,81.2,81.2,975.0
2015,5,Arunachal Pradesh,76.8,76.8,76.8,76.8,76.8,76.8,76.8,76.8,76.8,76.8,76.8,76.8,921.7
2015,6,Assam & Meghalaya,342.5,342.5,342.5,342.5,342.5,342.5,342.5,342.5,342.5,342.5,342.5,342.5,4110.5
2015,6,Sub-Himalayan West Bengal & Sikkim,183.7,183.7,183.7,183.7,183.7,183.7,183.7,183.7,183.7,183.7,183.7,183.7,2204.6
2015,6,Naga-Mani-Mizo-Tripura,275.0,275.0,275.0,275.0,275.0,275.0,275.0,275.0,275.0,275.0,275.0,275.0,3300.2
2015,6,Arunachal Pradesh,339.2,339.2,339.2,339.2,339.2,339.2,339.2,339.2,339.2,339.2,339.2,339.2,4070.7
2015,7,Assam & Meghalaya,369.9,369.9,369.9,369.9,369.9,369.9,369.9,369.9,369.9,369.9,369.9,369.9,4438.5
2015,7,Sub-Himalayan West Bengal & Sikkim,280.7,280.7,280.7,280.7,280.7,280.7,280.7,280.7,280.7,280.7,280.7,280.7,3369.0
2015,7,Naga-Mani-Mizo-Tripura,330.1,330.1,330.1,330.1,330.1,330.1,330.1,330.1,330.1,330.1,330.1,330.1,3961.5
2015,7,Arunachal Pradesh,319.9,319.9,319.9,319.9,319.9,319.9,319.9,319.9,319.9,319.9,319.9,319.9,3838.3
2015,8,Assam & Meghalaya,362.6,362.6,362.6,362.6,362.6,362.6,362.6,362.6,362.6,362.6,362.6,362.6,4351.0
2015,8,Sub-Himalayan West Bengal & Sikkim,210.9,210.9,210.9,210.9,210.9,210.9,210.9,210.9,210.9,210.9,210.9,210.9,2531.3
2015,8,Naga-Mani-Mizo-Tripura,345.5,345.5,345.5,345.5,345.5,345.5,345.5,345.5,345.5,345.5,345.5,345.5,4145.5
2015,8,Arunachal Pradesh,178.8,178.8,178.8,178.8,178.8,178.8,178.8,178.8,178.8,178.8,178.8,178.8,2146.1
2015,9,Assam & Meghalaya,90.4,90.4,90.4,90.4,90.4,90.4,90.4,90.4,90.4,90.4,90.4,90.4,1084.9
2015,9,Sub-Himalayan West Bengal & Sikkim,251.4,251.4,251.4,251.4,251.4,251.4,251.4,251.4,251.4,251.4,251.4,251.4,3017.4
2015,9,Naga-Mani-Mizo-Tripura,226.7,226.7,226.7,226.7,226.7,226.7,226.7,226.7,226.7,226.7,226.7,226.7,2720.8
2015,9,Arunachal Pradesh,370.1,370.1,370.1,370.1,370.1,370.1,370.1,370.1,370.1,370.1,370.1,370.1,4441.0
2015,10,Assam & Meghalaya,99.9,99.9,99.9,99.9,99.9,99.9,99.9,99.9,99.9,99.9,99.9,99.9,1199.1
2015,10,Sub-Himalayan West Bengal & Sikkim,43.4,43.4,43.4,43.4,43.4,43.4,43.4,43.4,43.4,43.4,43.4,43.4,521.1
2015,10,Naga-Mani-Mizo-Tripura,105.4,105.4,105.4,105.4,105.4,105.4,105.4,105.4,105.4,105.4,105.4,105.4,1265.1
2015,10,Arunachal Pradesh,49.9,49.9,49.9,49.9,49.9,49.9,49.9,49.9,49.9,49.9,49.9,49.9,599.2
2015,11,Assam & Meghalaya,77.4,77.4,77.4,77.4,77.4,77.4,77.4,77.4,77.4,77.4,77.4,77.4,929.0
2015,11,Sub-Himalayan West Bengal & Sikkim,71.2,71.2,71.2,71.2,71.2,71.2,71.2,71.2,71.2,71.2,71.2,71.2,854.2
2015,11,Naga-Mani-Mizo-Tripura,83.4,83.4,83.4,83.4,83.4,83.4,83.4,83.4,83.4,83.4,83.4,83.4,1001.2
2015,11,Arunachal Pradesh,104.6,104.6,104.6,104.6,104.6,104.6,104.6,104.6,104.6,104.6,104.6,104.6,1254.7
2015,12,Assam & Meghalaya,21.4,21.4,21.4,21.4,21.4,21.4,21.4,21.4,21.4,21.4,21.4,21.4,256.6
2015,12,Sub-Himalayan West Bengal & Sikkim,18.5,18.5,18.5,18.5,18.5,18.5,18.5,18.5,18.5,18.5,18.5,18.5,222.0
2015,12,Naga-Mani-Mizo-Tripura,21.5,21.5,21.5,21.5,21.5,21.5,21.5,21.5,21.5,21.5,21.5,21.5,258.0
2015,12,Arunachal Pradesh,19.8,19.8,19.8,19.8,19.8,19.8,19.8,19.8,19.8,19.8,19.8,19.8,237.4
2016,1,Assam & Meghalaya,8.7,8.7,8.7,8.7,8.7,8.7,8.7,8.7,8.7,8.7,8.7,8.7,104.8
2016,1,Sub-Himalayan West Bengal & Sikkim,7.8,7.8,7.8,7.8,7.8,7.8,7.8,7.8,7.8,7.8,7.8,7.8,93.9
2016,1,Naga-Mani-Mizo-Tripura,10.3,10.3,10.3,10.3,10.3,10.3,10.3,10.3,10.3,10.3,10.3,10.3,123.6
2016,1,Arunachal Pradesh,20.0,20.0,20.0,20.0,20.0,20.0,20.0,20.0,20.0,20.0,20.0,20.0,239.9
2016,2,Assam & Meghalaya,12.5,12.5,12.5,12.5,12.5,12.5,12.5,12.5,12.5,12.5,12.5,12.5,150.0
2016,2,Sub-Himalayan West Bengal & Sikkim,38.4,38.4,38.4,38.4,38.4,38.4,38.4,38.4,38.4,38.4,38.4,38.4,460.3
2016,2,Naga-Mani-Mizo-Tripura,6.8,6.8,6.8,6.8,6.8,6.8,6.8,6.8,6.8,6.8,6.8,6.8,81.7
2016,2,Arunachal Pradesh,4.0,4.0,4.0,4.0,4.0,4.0,4.0,4.0,4.0,4.0,4.0,4.0,48.1
2016,3,Assam & Meghalaya,22.7,22.7,22.7,22.7,22.7,22.7,22.7,22.7,22.7,22.7,22.7,22.7,272.2
2016,3,Sub-Himalayan West Bengal & Sikkim,29.2,29.2,29.2,29.2,29.2,29.2,29.2,29.2,29.2,29.2,29.2,29.2,350.6
2016,3,Naga-Mani-Mizo-Tripura,20.1,20.1,20.1,20.1,20.1,20.1,20.1,20.1,20.1,20.1,20.1,20.1,240.7
2016,3,Arunachal Pradesh,23.4,23.4,23.4,23.4,23.4,23.4,23.4,23.4,23.4,23.4,23.4,23.4,280.3
2016,4,Assam & Meghalaya,29.3,29.3,29.3,29.3,29.3,29.3,29.3,29.3,29.3,29.3,29.3,29.3,351.2
2016,4,Sub-Himalayan West Bengal & Sikkim,14.1,14.1,14.1,14.1,14.1,14.1,14.1,14.1,14.1,14.1,14.1,14.1,168.7
2016,4,Naga-Mani-Mizo-Tripura,0.8,0.8,0.8,0.8,0.8,0.8,0.8,0.8,0.8,0.8,0.8,0.8,9.2
2016,4,Arunachal Pradesh,9.7,9.7,9.7,9.7,9.7,9.7,9.7,9.7,9.7,9.7,9.7,9.7,116.2
2016,5,Assam & Meghalaya,108.6,108.6,108.6,108.6,108.6,108.6,108.6,108.6,108.6,108.6,108.6,108.6,1303.0
2016,5,Sub-Himalayan West Bengal & Sikkim,36.7,36.7,36.7,36.7,36.7,36.7,36.7,36.7,36.7,36.7,36.7,36.7,440.3
2016,5,Naga-Mani-Mizo-Tripura,81.0,81.0,81.0,81.0,81.0,81.0,81.0,81.0,81.0,81.0,81.0,81.0,972.1
2016,5,Arunachal Pradesh,87.6,87.6,87.6,87.6,87.6,87.6,87.6,87.6,87.6,87.6,87.6,87.6,1051.2
2016,6,Assam & Meghalaya,274.8,274.8,274.8,274.8,274.8,274.8,274.8,274.8,274.8,274.8,274.8,274.8,3297.0
2016,6,Sub-Himalayan West Bengal & Sikkim,357.9,357.9,357.9,357.9,357.9,357.9,357.9,357.9,357.9,357.9,357.9,357.9,4294.7
2016,6,Naga-Mani-Mizo-Tripura,346.5,346.5,346.5,346.5,346.5,346.5,346.5,346.5,346.5,346.5,346.5,346.5,4157.5
2016,6,Arunachal Pradesh,485.7,485.7,485.7,485.7,485.7,485.7,485.7,485.7,485.7,485.7,485.7,485.7,5828.6
2016,7,Assam & Meghalaya,349.6,349.6,349.6,349.6,349.6,349.6,349.6,349.6,349.6,349.6,349.6,349.6,4195.2
2016,7,Sub-Himalayan West Bengal & Sikkim,251.2,251.2,251.2,251.2,251.2,251.2,251.2,251.2,251.2,251.2,251.2,251.2,3015.0
2016,7,Naga-Mani-Mizo-Tripura,255.1,255.1,255.1,255.1,255.1,255.1,255.1,255.1,255.1,255.1,255.1,255.1,3060.7
2016,7,Arunachal Pradesh,233.5,233.5,233.5,233.5,233.5,233.5,233.5,233.5,233.5,233.5,233.5,233.5,2801.7
2016,8,Assam & Meghalaya,376.2,376.2,376.2,376.2,376.2,376.2,376.2,376.2,376.2,376.2,376.2,376.2,4514.2
2016,8,Sub-Himalayan West Bengal & Sikkim,254.7,254.7,254.7,254.7,254.7,254.7,254.7,254.7,254.7,254.7,254.7,254.7,3055.8
2016,8,Naga-Mani-Mizo-Tripura,294.4,294.4,294.4,294.4,294.4,294.4,294.4,294.4,294.4,294.4,294.4,294.4,3532.5
2016,8,Arunachal Pradesh,359.9,359.9,359.9,359.9,359.9,359.9,359.9,359.9,359.9,359.9,359.9,359.9,4319.3
2016,9,Assam & Meghalaya,242.1,242.1,242.1,242.1,242.1,242.1,242.1,242.1,242.1,242.1,242.1,242.1,2905.5
2016,9,Sub-Himalayan West Bengal & Sikkim,276.5,276.5,276.5,276.5,276.5,276.5,276.5,276.5,276.5,276.5,276.5,276.5,3318.1
2016,9,Naga-Mani-Mizo-Tripura,152.7,152.7,152.7,152.7,152.7,152.7,152.7,152.7,152.7,152.7,152.7,152.7,1832.4
2016,9,Arunachal Pradesh,213.4,213.4,213.4,213.4,213.4,213.4,213.4,213.4,213.4,213.4,213.4,213.4,2560.8
2016,10,Assam & Meghalaya,63.0,63.0,63.0,63.0,63.0,63.0,63.0,63.0,63.0,63.0,63.0,63.0,755.6
2016,10,Sub-Himalayan West Bengal & Sikkim,92.5,92.5,92.5,92.5,92.5,92.5,92.5,92.5,92.5,92.5,92.5,92.5,1109.7
2016,10,Naga-Mani-Mizo-Tripura,115.8,115.8,115.8,115.8,115.8,115.8,115.8,115.8,115.8,115.8,115.8,115.8,1389.7
2016,10,Arunachal Pradesh,79.4,79.4,79.4,79.4,79.4,79.4,79.4,79.4,79.4,79.4,79.4,79.4,953.4
2016,11,Assam & Meghalaya,87.8,87.8,87.8,87.8,87.8,87.8,87.8,87.8,87.8,87.8,87.8,87.8,1054.1
2016,11,Sub-Himalayan West Bengal & Sikkim,85.0,85.0,85.0,85.0,85.0,85.0,85.0,85.0,85.0,85.0,85.0,85.0,1020.5
2016,11,Naga-Mani-Mizo-Tripura,112.5,112.5,112.5,112.5,112.5,112.5,112.5,112.5,112.5,112.5,112.5,112.5,1350.5
2016,11,Arunachal Pradesh,106.8,106.8,106.8,106.8,106.8,106.8,106.8,106.8,106.8,106.8,106.8,106.8,1281.6
2016,12,Assam & Meghalaya,17.7,17.7,17.7,17.7,17.7,17.7,17.7,17.7,17.7,17.7,17.7,17.7,212.8
2016,12,Sub-Himalayan West Bengal & Sikkim,4.9,4.9,4.9,4.9,4.9,4.9,4.9,4.9,4.9,4.9,4.9,4.9,58.7
2016,12,Naga-Mani-Mizo-Tripura,24.0,24.0,24.0,24.0,24.0,24.0,24.0,24.0,24.0,24.0,24.0,24.0,288.4
2016,12,Arunachal Pradesh,18.8,18.8,18.8,18.8,18.8,18.8,18.8,18.8,18.8,18.8,18.8,18.8,225.7
2017,1,Assam & Meghalaya,27.3,27.3,27.3,27.3,27.3,27.3,27.3,27.3,27.3,27.3,27.3,27.3,327.2
2017,1,Sub-Himalayan West Bengal & Sikkim,14.7,14.7,14.7,14.7,14.7,14.7,14.7,14.7,14.7,14.7,14.7,14.7,176.4
2017,1,Naga-Mani-Mizo-Tripura,34.5,34.5,34.5,34.5,34.5,34.5,34.5,34.5,34.5,34.5,34.5,34.5,414.4
2017,1,Arunachal Pradesh,11.4,11.4,11.4,11.4,11.4,11.4,11.4,11.4,11.4,11.4,11.4,11.4,136.9
2017,2,Assam & Meghalaya,30.9,30.9,30.9,30.9,30.9,30.9,30.9,30.9,30.9,30.9,30.9,30.9,371.2
2017,2,Sub-Himalayan West Bengal & Sikkim,16.2,16.2,16.2,16.2,16.2,16.2,16.2,16.2,16.2,16.2,16.2,16.2,193.8
2017,2,Naga-Mani-Mizo-Tripura,9.8,9.8,9.8,9.8,9.8,9.8,9.8,9.8,9.8,9.8,9.8,9.8,118.0
2017,2,Arunachal Pradesh,3.7,3.7,3.7,3.7,3.7,3.7,3.7,3.7,3.7,3.7,3.7,3.7,44.6
2017,3,Assam & Meghalaya,13.5,13.5,13.5,13.5,13.5,13.5,13.5,13.5,13.5,13.5,13.5,13.5,161.9
2017,3,Sub-Himalayan West Bengal & Sikkim,29.2,29.2,29.2,29.2,29.2,29.2,29.2,29.2,29.2,29.2,29.2,29.2,350.8
2017,3,Naga-Mani-Mizo-Tripura,23.2,23.2,23.2,23.2,23.2,23.2,23.2,23.2,23.2,23.2,23.2,23.2,278.0
2017,3,Arunachal Pradesh,21.9,21.9,21.9,21.9,21.9,21.9,21.9,21.9,21.9,21.9,21.9,21.9,262.7
2017,4,Assam & Meghalaya,0,0,0,0,0,0,0,0,0,0,0,0,0
2017,4,Sub-Himalayan West Bengal & Sikkim,22.1,22.1,22.1,22.1,22.1,22.1,22.1,22.1,22.1,22.1,22.1,22.1,265.3
2017,4,Naga-Mani-Mizo-Tripura,20.6,20.6,20.6,20.6,20.6,20.6,20.6,20.6,20.6,20.6,20.6,20.6,246.7
2017,4,Arunachal Pradesh,9.5,9.5,9.5,9.5,9.5,9.5,9.5,9.5,9.5,9.5,9.5,9.5,114.0
2017,5,Assam & Meghalaya,61.2,61.2,61.2,61.2,61.2,61.2,61.2,61.2,61.2,61.2,61.2,61.2,734.1
2017,5,Sub-Himalayan West Bengal & Sikkim,79.9,79.9,79.9,79.9,79.9,79.9,79.9,79.9,79.9,79.9,79.9,79.9,959.2
2017,5,Naga-Mani-Mizo-Tripura,131.7,131.7,131.7,131.7,131.7,131.7,131.7,131.7,131.7,131.7,131.7,131.7,1581.0
2017,5,Arunachal Pradesh,48.3,48.3,48.3,48.3,48.3,48.3,48.3,48.3,48.3,48.3,48.3,48.3,580.2
2017,6,Assam & Meghalaya,265.8,265.8,265.8,265.8,265.8,265.8,265.8,265.8,265.8,265.8,265.8,265.8,3189.3
2017,6,Sub-Himalayan West Bengal & Sikkim,408.9,408.9,408.9,408.9,408.9,408.9,408.9,408.9,408.9,408.9,408.9,408.9,4907.3
2017,6,Naga-Mani-Mizo-Tripura,264.3,264.3,264.3,264.3,264.3,264.3,264.3,264.3,264.3,264.3,264.3,264.3,3171.7
2017,6,Arunachal Pradesh,270.9,270.9,270.9,270.9,270.9,270.9,270.9,270.9,270.9,270.9,270.9,270.9,3250.3
2017,7,Assam & Meghalaya,307.8,307.8,307.8,307.8,307.8,307.8,307.8,307.8,307.8,307.8,307.8,307.8,3693.9
2017,7,Sub-Himalayan West Bengal & Sikkim,200.7,200.7,200.7,200.7,200.7,200.7,200.7,200.7,200.7,200.7,200.7,200.7,2408.4
2017,7,Naga-Mani-Mizo-Tripura,317.6,317.6,317.6,317.6,317.6,317.6,317.6,317.6,317.6,317.6,317.6,317.6,3811.1
2017,7,Arunachal Pradesh,203.2,203.2,203.2,203.2,203.2,203.2,203.2,203.2,203.2,203.2,203.2,203.2,2438.8
2017,8,Assam & Meghalaya,370.8,370.8,370.8,370.8,370.8,370.8,370.8,370.8,370.8,370.8,370.8,370.8,4449.8
2017,8,Sub-Himalayan West Bengal & Sikkim,300.3,300.3,300.3,300.3,300.3,300.3,300.3,300.3,300.3,300.3,300.3,300.3,3603.1
2017,8,Naga-Mani-Mizo-Tripura,482.7,482.7,482.7,482.7,482.7,482.7,482.7,482.7,482.7,482.7,482.7,482.7,5792.1
2017,8,Arunachal Pradesh,322.5,322.5,322.5,322.5,322.5,322.5,322.5,322.5,322.5,322.5,322.5,322.5,3869.6
2017,9,Assam & Meghalaya,409.3,409.3,409.3,409.3,409.3,409.3,409.3,409.3,409.3,409.3,409.3,409.3,4911.1
2017,9,Sub-Himalayan West Bengal & Sikkim,195.7,195.7,195.7,195.7,195.7,195.7,195.7,195.7,195.7,195.7,195.7,195.7,2348.9
2017,9,Naga-Mani-Mizo-Tripura,290.2,290.2,290.2,290.2,290.2,290.2,290.2,290.2,290.2,290.2,290.2,290.2,3482.7
2017,9,Arunachal Pradesh,325.9,325.9,325.9,325.9,325.9,325.9,325.9,325.9,325.9,325.9,325.9,325.9,3910.2
2017,10,Assam & Meghalaya,132.4,132.4,132.4,132.4,132.4,132.4,132.4,132.4,132.4,132.4,132.4,132.4,1588.5
2017,10,Sub-Himalayan West Bengal & Sikkim,29.6,29.6,29.6,29.6,29.6,29.6,29.6,29.6,29.6,29.6,29.6,29.6,354.9
2017,10,Naga-Mani-Mizo-Tripura,109.7,109.7,109.7,109.7,109.7,109.7,109.7,109.7,109.7,109.7,109.7,109.7,1316.6
2017,10,Arunachal Pradesh,97.7,97.7,97.7,97.7,97.7,97.7,97.7,97.7,97.7,97.7,97.7,97.7,1172.9
2017,11,Assam & Meghalaya,126.0,126.0,126.0,126.0,126.0,126.0,126.0,126.0,126.0,126.0,126.0,126.0,1512.1
2017,11,Sub-Himalayan West Bengal & Sikkim,101.4,101.4,101.4,101.4,101.4,101.4,101.4,101.4,101.4,101.4,101.4,101.4,1216.5
2017,11,Naga-Mani-Mizo-Tripura,81.6,81.6,81.6,81.6,81.6,81.6,81.6,81.6,81.6,81.6,81.6,81.6,978.7
2017,11,Arunachal Pradesh,64.4,64.4,64.4,64.4,64.4,64.4,64.4,64.4,64.4,64.4,64.4,64.4,772.2
2017,12,Assam & Meghalaya,2.5,2.5,2.5,2.5,2.5,2.5,2.5,2.5,2.5,2.5,2.5,2.5,30.2
2017,12,Sub-Himalayan West Bengal & Sikkim,17.0,17.0,17.0,17.0,17.0,17.0,17.0,17.0,17.0,17.0,17.0,17.0,203.5
2017,12,Naga-Mani-Mizo-Tripura,13.1,13.1,13.1,13.1,13.1,13.1,13.1,13.1,13.1,13.1,13.1,13.1,157.0
2017,12,Arunachal Pradesh,35.2,35.2,35.2,35.2,35.2,35.2,35.2,35.2,35.2,35.2,35.2,35.2,422.4
2018,1,Assam & Meghalaya,8.9,8.9,8.9,8.9,8.9,8.9,8.9,8.9,8.9,8.9,8.9,8.9,106.7
2018,1,Sub-Himalayan West Bengal & Sikkim,18.2,18.2,18.2,18.2,18.2,18.2,18.2,18.2,18.2,18.2,18.2,18.2,218.4
2018,1,Naga-Mani-Mizo-Tripura,0,0,0,0,0,0,0,0,0,0,0,0,0
2018,1,Arunachal Pradesh,11.0,11.0,11.0,11.0,11.0,11.0,11.0,11.0,11.0,11.0,11.0,11.0,132.5
2018,2,Assam & Meghalaya,17.6,17.6,17.6,17.6,17.6,17.6,17.6,17.6,17.6,17.6,17.6,17.6,211.3
2018,2,Sub-Himalayan West Bengal & Sikkim,23.2,23.2,23.2,23.2,23.2,23.2,23.2,23.2,23.2,23.2,23.2,23.2,278.9
2018,2,Naga-Mani-Mizo-Tripura,29.5,29.5,29.5,29.5,29.5,29.5,29.5,29.5,29.5,29.5,29.5,29.5,353.8
2018,2,Arunachal Pradesh,14.6,14.6,14.6,14.6,14.6,14.6,14.6,14.6,14.6,14.6,14.6,14.6,174.7
2018,3,Assam & Meghalaya,3.8,3.8,3.8,3.8,3.8,3.8,3.8,3.8,3.8,3.8,3.8,3.8,45.9
2018,3,Sub-Himalayan West Bengal & Sikkim,19.6,19.6,19.6,19.6,19.6,19.6,19.6,19.6,19.6,19.6,19.6,19.6,234.9
2018,3,Naga-Mani-Mizo-Tripura,20.2,20.2,20.2,20.2,20.2,20.2,20.2,20.2,20.2,20.2,20.2,20.2,242.0
2018,3,Arunachal Pradesh,19.9,19.9,19.9,19.9,19.9,19.9,19.9,19.9,19.9,19.9,19.9,19.9,239.0
2018,4,Assam & Meghalaya,8.0,8.0,8.0,8.0,8.0,8.0,8.0,8.0,8.0,8.0,8.0,8.0,96.0
2018,4,Sub-Himalayan West Bengal & Sikkim,26.3,26.3,26.3,26.3,26.3,26.3,26.3,26.3,26.3,26.3,26.3,26.3,316.0
2018,4,Naga-Mani-Mizo-Tripura,15.9,15.9,15.9,15.9,15.9,15.9,15.9,15.9,15.9,15.9,15.9,15.9,190.5
2018,4,Arunachal Pradesh,22.0,22.0,22.0,22.0,22.0,22.0,22.0,22.0,22.0,22.0,22.0,22.0,264.0
2018,5,Assam & Meghalaya,118.2,118.2,118.2,118.2,118.2,118.2,118.2,118.2,118.2,118.2,118.2,118.2,1418.7
2018,5,Sub-Himalayan West Bengal & Sikkim,98.3,98.3,98.3,98.3,98.3,98.3,98.3,98.3,98.3,98.3,98.3,98.3,1179.3
2018,5,Naga-Mani-Mizo-Tripura,88.6,88.6,88.6,88.6,88.6,88.6,88.6,88.6,88.6,88.6,88.6,88.6,1063.1
2018,5,Arunachal Pradesh,144.6,144.6,144.6,144.6,144.6,144.6,144.6,144.6,144.6,144.6,144.6,144.6,1735.0
2018,6,Assam & Meghalaya,319.5,319.5,319.5,319.5,319.5,319.5,319.5,319.5,319.5,319.5,319.5,319.5,3834.0
2018,6,Sub-Himalayan West Bengal & Sikkim,276.3,276.3,276.3,276.3,276.3,276.3,276.3,276.3,276.3,276.3,276.3,276.3,3315.9
2018,6,Naga-Mani-Mizo-Tripura,309.0,309.0,309.0,309.0,309.0,309.0,309.0,309.0,309.0,309.0,309.0,309.0,3707.5
2018,6,Arunachal Pradesh,418.6,418.6,418.6,418.6,418.6,418.6,418.6,418.6,418.6,418.6,418.6,418.6,5023.5
2018,7,Assam & Meghalaya,309.5,309.5,309.5,309.5,309.5,309.5,309.5,309.5,309.5,309.5,309.5,309.5,3714.0
2018,7,Sub-Himalayan West Bengal & Sikkim,341.6,341.6,341.6,341.6,341.6,341.6,341.6,341.6,341.6,341.6,341.6,341.6,4098.6
2018,7,Naga-Mani-Mizo-Tripura,395.7,395.7,395.7,395.7,395.7,395.7,395.7,395.7,395.7,395.7,395.7,395.7,4747.9
2018,7,Arunachal Pradesh,259.0,259.0,259.0,259.0,259.0,259.0,259.0,259.0,259.0,259.0,259.0,259.0,3107.7
2018,8,Assam & Meghalaya,161.9,161.9,161.9,161.9,161.9,161.9,161.9,161.9,161.9,161.9,161.9,161.9,1942.5
2018,8,Sub-Himalayan West Bengal & Sikkim,324.0,324.0,324.0,324.0,324.0,324.0,324.0,324.0,324.0,324.0,324.0,324.0,3887.4
2018,8,Naga-Mani-Mizo-Tripura,318.4,318.4,318.4,318.4,318.4,318.4,318.4,318.4,318.4,318.4,318.4,318.4,3820.5
2018,8,Arunachal Pradesh,251.4,251.4,251.4,251.4,251.4,251.4,251.4,251.4,251.4,251.4,251.4,251.4,3016.3
2018,9,Assam & Meghalaya,369.7,369.7,369.7,369.7,369.7,369.7,369.7,369.7,369.7,369.7,369.7,369.7,4436.2
2018,9,Sub-Himalayan West Bengal & Sikkim,348.6,348.6,348.6,348.6,348.6,348.6,348.6,348.6,348.6,348.6,348.6,348.6,4183.3
2018,9,Naga-Mani-Mizo-Tripura,220.4,220.4,220.4,220.4,220.4,220.4,220.4,220.4,220.4,220.4,220.4,220.4,2644.8
2018,9,Arunachal Pradesh,341.5,341.5,341.5,341.5,341.5,341.5,341.5,341.5,341.5,341.5,341.5,341.5,4097.5
2018,10,Assam & Meghalaya,74.1,74.1,74.1,74.1,74.1,74.1,74.1,74.1,74.1,74.1,74.1,74.1,889.4
2018,10,Sub-Himalayan West Bengal & Sikkim,35.5,35.5,35.5,35.5,35.5,35.5,35.5,35.5,35.5,35.5,35.5,35.5,426.1
2018,10,Naga-Mani-Mizo-Tripura,93.6,93.6,93.6,93.6,93.6,93.6,93.6,93.6,93.6,93.6,93.6,93.6,1123.1
2018,10,Arunachal Pradesh,78.6,78.6,78.6,78.6,78.6,78.6,78.6,78.6,78.6,78.6,78.6,78.6,943.7
2018,11,Assam & Meghalaya,57.6,57.6,57.6,57.6,57.6,57.6,57.6,57.6,57.6,57.6,57.6,57.6,691.7
2018,11,Sub-Himalayan West Bengal & Sikkim,95.7,95.7,95.7,95.7,95.7,95.7,95.7,95.7,95.7,95.7,95.7,95.7,1148.3
2018,11,Naga-Mani-Mizo-Tripura,94.6,94.6,94.6,94.6,94.6,94.6,94.6,94.6,94.6,94.6,94.6,94.6,1135.7
2018,11,Arunachal Pradesh,62.7,62.7,62.7,62.7,62.7,62.7,62.7,62.7,62.7,62.7,62.7,62.7,752.1
2018,12,Assam & Meghalaya,19.0,19.0,19.0,19.0,19.0,19.0,19.0,19.0,19.0,19.0,19.0,19.0,228.0
2018,12,Sub-Himalayan West Bengal & Sikkim,25.2,25.2,25.2,25.2,25.2,25.2,25.2,25.2,25.2,25.2,25.2,25.2,301.8
2018,12,Naga-Mani-Mizo-Tripura,7.9,7.9,7.9,7.9,7.9,7.9,7.9,7.9,7.9,7.9,7.9,7.9,94.5
2018,12,Arunachal Pradesh,18.8,18.8,18.8,18.8,18.8,18.8,18.8,18.8,18.8,18.8,18.8,18.8,225.7
2019,1,Assam & Meghalaya,15.0,15.0,15.0,15.0,15.0,15.0,15.0,15.0,15.0,15.0,15.0,15.0,180.3
2019,1,Sub-Himalayan West Bengal & Sikkim,37.7,37.7,37.7,37.7,37.7,37.7,37.7,37.7,37.7,37.7,37.7,37.7,451.9
2019,1,Naga-Mani-Mizo-Tripura,0,0,0,0,0,0,0,0,0,0,0,0,0
2019,1,Arunachal Pradesh,22.0,22.0,22.0,22.0,22.0,22.0,22.0,22.0,22.0,22.0,22.0,22.0,263.4
2019,2,Assam & Meghalaya,11.9,11.9,11.9,11.9,11.9,11.9,11.9,11.9,11.9,11.9,11.9,11.9,143.3
2019,2,Sub-Himalayan West Bengal & Sikkim,14.0,14.0,14.0,14.0,14.0,14.0,14.0,14.0,14.0,14.0,14.0,14.0,168.0
2019,2,Naga-Mani-Mizo-Tripura,34.0,34.0,34.0,34.0,34.0,34.0,34.0,34.0,34.0,34.0,34.0,34.0,408.2
2019,2,Arunachal Pradesh,14.9,14.9,14.9,14.9,14.9,14.9,14.9,14.9,14.9,14.9,14.9,14.9,179.0
2019,3,Assam & Meghalaya,37.4,37.4,37.4,37.4,37.4,37.4,37.4,37.4,37.4,37.4,37.4,37.4,448.9
2019,3,Sub-Himalayan West Bengal & Sikkim,10.6,10.6,10.6,10.6,10.6,10.6,10.6,10.6,10.6,10.6,10.6,10.6,126.9
2019,3,Naga-Mani-Mizo-Tripura,18.5,18.5,18.5,18.5,18.5,18.5,18.5,18.5,18.5,18.5,18.5,18.5,222.1
2019,3,Arunachal Pradesh,10.1,10.1,10.1,10.1,10.1,10.1,10.1,10.1,10.1,10.1,10.1,10.1,121.1
2019,4,Assam & Meghalaya,8.1,8.1,8.1,8.1,8.1,8.1,8.1,8.1,8.1,8.1,8.1,8.1,97.1
2019,4,Sub-Himalayan West Bengal & Sikkim,15.6,15.6,15.6,15.6,15.6,15.6,15.6,15.6,15.6,15.6,15.6,15.6,187.5
2019,4,Naga-Mani-Mizo-Tripura,12.2,12.2,12.2,12.2,12.2,12.2,12.2,12.2,12.2,12.2,12.2,12.2,146.1
2019,4,Arunachal Pradesh,17.0,17.0,17.0,17.0,17.0,17.0,17.0,17.0,17.0,17.0,17.0,17.0,204.3
2019,5,Assam & Meghalaya,16.8,16.8,16.8,16.8,16.8,16.8,16.8,16.8,16.8,16.8,16.8,16.8,202.2
2019,5,Sub-Himalayan West Bengal & Sikkim,140.1,140.1,140.1,140.1,140.1,140.1,140.1,140.1,140.1,140.1,140.1,140.1,1680.9
2019,5,Naga-Mani-Mizo-Tripura,75.0,75.0,75.0,75.0,75.0,75.0,75.0,75.0,75.0,75.0,75.0,75.0,899.9
2019,5,Arunachal Pradesh,132.3,132.3,132.3,132.3,132.3,132.3,132.3,132.3,132.3,132.3,132.3,132.3,1587.4
2019,6,Assam & Meghalaya,219.4,219.4,219.4,219.4,219.4,219.4,219.4,219.4,219.4,219.4,219.4,219.4,2633.2
2019,6,Sub-Himalayan West Bengal & Sikkim,323.4,323.4,323.4,323.4,323.4,323.4,323.4,323.4,323.4,323.4,323.4,323.4,3880.8
2019,6,Naga-Mani-Mizo-Tripura,553.2,553.2,553.2,553.2,553.2,553.2,553.2,553.2,553.2,553.2,553.2,553.2,6638.3
2019,6,Arunachal Pradesh,230.4,230.4,230.4,230.4,230.4,230.4,230.4,230.4,230.4,230.4,230.4,230.4,2765.1
2019,7,Assam & Meghalaya,180.4,180.4,180.4,180.4,180.4,180.4,180.4,180.4,180.4,180.4,180.4,180.4,2164.5
2019,7,Sub-Himalayan West Bengal & Sikkim,256.3,256.3,256.3,256.3,256.3,256.3,256.3,256.3,256.3,256.3,256.3,256.3,3075.4
2019,7,Naga-Mani-Mizo-Tripura,337.8,337.8,337.8,337.8,337.8,337.8,337.8,337.8,337.8,337.8,337.8,337.8,4053.6
2019,7,Arunachal Pradesh,355.5,355.5,355.5,355.5,355.5,355.5,355.5,355.5,355.5,355.5,355.5,355.5,4265.6
2019,8,Assam & Meghalaya,403.2,403.2,403.2,403.2,403.2,403.2,403.2,403.2,403.2,403.2,403.2,403.2,4838.8
2019,8,Sub-Himalayan West Bengal & Sikkim,279.4,279.4,279.4,279.4,279.4,279.4,279.4,279.4,279.4,279.4,279.4,279.4,3353.3
2019,8,Naga-Mani-Mizo-Tripura,171.8,171.8,171.8,171.8,171.8,171.8,171.8,171.8,171.8,171.8,171.8,171.8,2061.8
2019,8,Arunachal Pradesh,265.2,265.2,265.2,265.2,265.2,265.2,265.2,265.2,265.2,265.2,265.2,265.2,3182.4
2019,9,Assam & Meghalaya,399.2,399.2,399.2,399.2,399.2,399.2,399.2,399.2,399.2,399.2,399.2,399.2,4790.6
2019,9,Sub-Himalayan West Bengal & Sikkim,337.3,337.3,337.3,337.3,337.3,337.3,337.3,337.3,337.3,337.3,337.3,337.3,4047.0
2019,9,Naga-Mani-Mizo-Tripura,143.4,143.4,143.4,143.4,143.4,143.4,143.4,143.4,143.4,143.4,143.4,143.4,1721.3
2019,9,Arunachal Pradesh,297.2,297.2,297.2,297.2,297.2,297.2,297.2,297.2,297.2,297.2,297.2,297.2,3566.4
2019,10,Assam & Meghalaya,121.9,121.9,121.9,121.9,121.9,121.9,121.9,121.9,121.9,121.9,121.9,121.9,1463.3
2019,10,Sub-Himalayan West Bengal & Sikkim,143.8,143.8,143.8,143.8,143.8,143.8,143.8,143.8,143.8,143.8,143.8,143.8,1725.6
2019,10,Naga-Mani-Mizo-Tripura,96.9,96.9,96.9,96.9,96.9,96.9,96.9,96.9,96.9,96.9,96.9,96.9,1162.2
2019,10,Arunachal Pradesh,89.3,89.3,89.3,89.3,89.3,89.3,89.3,89.3,89.3,89.3,89.3,89.3,1071.3
2019,11,Assam & Meghalaya,42.8,42.8,42.8,42.8,42.8,42.8,42.8,42.8,42.8,42.8,42.8,42.8,513.5
2019,11,Sub-Himalayan West Bengal & Sikkim,54.7,54.7,54.7,54.7,54.7,54.7,54.7,54.7,54.7,54.7,54.7,54.7,656.4
2019,11,Naga-Mani-Mizo-Tripura,81.4,81.4,81.4,81.4,81.4,81.4,81.4,81.4,81.4,81.4,81.4,81.4,976.9
2019,11,Arunachal Pradesh,95.1,95.1,95.1,95.1,95.1,95.1,95.1,95.1,95.1,95.1,95.1,95.1,1141.2
2019,12,Assam & Meghalaya,20.8,20.8,20.8,20.8,20.8,20.8,20.8,20.8,20.8,20.8,20.8,20.8,249.6
2019,12,Sub-Himalayan West Bengal & Sikkim,10.2,10.2,10.2,10.2,10.2,10.2,10.2,10.2,10.2,10.2,10.2,10.2,122.6
2019,12,Naga-Mani-Mizo-Tripura,3.5,3.5,3.5,3.5,3.5,3.5,3.5,3.5,3.5,3.5,3.5,3.5,41.8
2019,12,Arunachal Pradesh,7.2,7.2,7.2,7.2,7.2,7.2,7.2,7.2,7.2,7.2,7.2,7.2,86.7
2020,1,Assam & Meghalaya,3.4,3.4,3.4,3.4,3.4,3.4,3.4,3.4,3.4,3.4,3.4,3.4,41.2
2020,1,Sub-Himalayan West Bengal & Sikkim,21.4,21.4,21.4,21.4,21.4,21.4,21.4,21.4,21.4,21.4,21.4,21.4,257.2
2020,1,Naga-Mani-Mizo-Tripura,0,0,0,0,0,0,0,0,0,0,0,0,0
2020,1,Arunachal Pradesh,11.7,11.7,11.7,11.7,11.7,11.7,11.7,11.7,11.7,11.7,11.7,11.7,140.0
2020,2,Assam & Meghalaya,19.5,19.5,19.5,19.5,19.5,19.5,19.5,19.5,19.5,19.5,19.5,19.5,234.0
2020,2,Sub-Himalayan West Bengal & Sikkim,30.2,30.2,30.2,30.2,30.2,30.2,30.2,30.2,30.2,30.2,30.2,30.2,362.6
2020,2,Naga-Mani-Mizo-Tripura,15.7,15.7,15.7,15.7,15.7,15.7,15.7,15.7,15.7,15.7,15.7,15.7,188.6
2020,2,Arunachal Pradesh,25.0,25.0,25.0,25.0,25.0,25.0,25.0,25.0,25.0,25.0,25.0,25.0,300.2
2020,3,Assam & Meghalaya,11.0,11.0,11.0,11.0,11.0,11.0,11.0,11.0,11.0,11.0,11.0,11.0,132.1
2020,3,Sub-Himalayan West Bengal & Sikkim,7.6,7.6,7.6,7.6,7.6,7.6,7.6,7.6,7.6,7.6,7.6,7.6,90.7
2020,3,Naga-Mani-Mizo-Tripura,8.3,8.3,8.3,8.3,8.3,8.3,8.3,8.3,8.3,8.3,8.3,8.3,99.1
2020,3,Arunachal Pradesh,30.3,30.3,30.3,30.3,30.3,30.3,30.3,30.3,30.3,30.3,30.3,30.3,363.3
2020,4,Assam & Meghalaya,24.9,24.9,24.9,24.9,24.9,24.9,24.9,24.9,24.9,24.9,24.9,24.9,299.3
2020,4,Sub-Himalayan West Bengal & Sikkim,19.9,19.9,19.9,19.9,19.9,19.9,19.9,19.9,19.9,19.9,19.9,19.9,238.5
2020,4,Naga-Mani-Mizo-Tripura,48.3,48.3,48.3,48.3,48.3,48.3,48.3,48.3,48.3,48.3,48.3,48.3,579.6
2020,4,Arunachal Pradesh,14.7,14.7,14.7,14.7,14.7,14.7,14.7,14.7,14.7,14.7,14.7,14.7,176.1
2020,5,Assam & Meghalaya,98.6,98.6,98.6,98.6,98.6,98.6,98.6,98.6,98.6,98.6,98.6,98.6,1183.3
2020,5,Sub-Himalayan West Bengal & Sikkim,89.2,89.2,89.2,89.2,89.2,89.2,89.2,89.2,89.2,89.2,89.2,89.2,1070.7
2020,5,Naga-Mani-Mizo-Tripura,73.3,73.3,73.3,73.3,73.3,73.3,73.3,73.3,73.3,73.3,73.3,73.3,880.1
2020,5,Arunachal Pradesh,149.5,149.5,149.5,149.5,149.5,149.5,149.5,149.5,149.5,149.5,149.5,149.5,1793.8
2020,6,Assam & Meghalaya,420.5,420.5,420.5,420.5,420.5,420.5,420.5,420.5,420.5,420.5,420.5,420.5,5046.3
2020,6,Sub-Himalayan West Bengal & Sikkim,188.0,188.0,188.0,188.0,188.0,188.0,188.0,188.0,188.0,188.0,188.0,188.0,2256.5
2020,6,Naga-Mani-Mizo-Tripura,268.0,268.0,268.0,268.0,268.0,268.0,268.0,268.0,268.0,268.0,268.0,268.0,3216.1
2020,6,Arunachal Pradesh,334.3,334.3,334.3,334.3,334.3,334.3,334.3,334.3,334.3,334.3,334.3,334.3,4011.2
2020,7,Assam & Meghalaya,362.7,362.7,362.7,362.7,362.7,362.7,362.7,362.7,362.7,362.7,362.7,362.7,4351.9
2020,7,Sub-Himalayan West Bengal & Sikkim,192.1,192.1,192.1,192.1,192.1,192.1,192.1,192.1,192.1,192.1,192.1,192.1,2305.5
2020,7,Naga-Mani-Mizo-Tripura,119.6,119.6,119.6,119.6,119.6,119.6,119.6,119.6,119.6,119.6,119.6,119.6,1434.7
2020,7,Arunachal Pradesh,147.5,147.5,147.5,147.5,147.5,147.5,147.5,147.5,147.5,147.5,147.5,147.5,1769.9
2020,8,Assam & Meghalaya,294.3,294.3,294.3,294.3,294.3,294.3,294.3,294.3,294.3,294.3,294.3,294.3,3531.7
2020,8,Sub-Himalayan West Bengal & Sikkim,291.7,291.7,291.7,291.7,291.7,291.7,291.7,291.7,291.7,291.7,291.7,291.7,3500.9
2020,8,Naga-Mani-Mizo-Tripura,327.6,327.6,327.6,327.6,327.6,327.6,327.6,327.6,327.6,327.6,327.6,327.6,3931.4
2020,8,Arunachal Pradesh,238.4,238.4,238.4,238.4,238.4,238.4,238.4,238.4,238.4,238.4,238.4,238.4,2861.1
2020,9,Assam & Meghalaya,202.1,202.1,202.1,202.1,202.1,202.1,202.1,202.1,202.1,202.1,202.1,202.1,2424.7
2020,9,Sub-Himalayan West Bengal & Sikkim,138.2,138.2,138.2,138.2,138.2,138.2,138.2,138.2,138.2,138.2,138.2,138.2,1657.9
2020,9,Naga-Mani-Mizo-Tripura,326.3,326.3,326.3,326.3,326.3,326.3,326.3,326.3,326.3,326.3,326.3,326.3,3916.0
2020,9,Arunachal Pradesh,329.6,329.6,329.6,329.6,329.6,329.6,329.6,329.6,329.6,329.6,329.6,329.6,3955.3
2020,10,Assam & Meghalaya,109.8,109.8,109.8,109.8,109.8,109.8,109.8,109.8,109.8,109.8,109.8,109.8,1317.5
2020,10,Sub-Himalayan West Bengal & Sikkim,103.7,103.7,103.7,103.7,103.7,103.7,103.7,103.7,103.7,103.7,103.7,103.7,1244.7
2020,10,Naga-Mani-Mizo-Tripura,74.3,74.3,74.3,74.3,74.3,74.3,74.3,74.3,74.3,74.3,74.3,74.3,891.3
2020,10,Arunachal Pradesh,120.5,120.5,120.5,120.5,120.5,120.5,120.5,120.5,120.5,120.5,120.5,120.5,1445.7
2020,11,Assam & Meghalaya,75.9,75.9,75.9,75.9,75.9,75.9,75.9,75.9,75.9,75.9,75.9,75.9,910.9
2020,11,Sub-Himalayan West Bengal & Sikkim,60.2,60.2,60.2,60.2,60.2,60.2,60.2,60.2,60.2,60.2,60.2,60.2,722.1
2020,11,Naga-Mani-Mizo-Tripura,64.4,64.4,64.4,64.4,64.4,64.4,64.4,64.4,64.4,64.4,64.4,64.4,772.6
2020,11,Arunachal Pradesh,62.5,62.5,62.5,62.5,62.5,62.5,62.5,62.5,62.5,62.5,62.5,62.5,749.5
2020,12,Assam & Meghalaya,0,0,0,0,0,0,0,0,0,0,0,0,0
2020,12,Sub-Himalayan West Bengal & Sikkim,16.6,16.6,16.6,16.6,16.6,16.6,16.6,16.6,16.6,16.6,16.6,16.6,198.8
2020,12,Naga-Mani-Mizo-Tripura,17.5,17.5,17.5,17.5,17.5,17.5,17.5,17.5,17.5,17.5,17.5,17.5,210.0
2020,12,Arunachal Pradesh,11.4,11.4,11.4,11.4,11.4,11.4,11.4,11.4,11.4,11.4,11.4,11.4,136.5
2021,1,Assam & Meghalaya,7.9,7.9,7.9,7.9,7.9,7.9,7.9,7.9,7.9,7.9,7.9,7.9,94.3
2021,1,Sub-Himalayan West Bengal & Sikkim,18.7,18.7,18.7,18.7,18.7,18.7,18.7,18.7,18.7,18.7,18.7,18.7,224.6
2021,1,Naga-Mani-Mizo-Tripura,32.2,32.2,32.2,32.2,32.2,32.2,32.2,32.2,32.2,32.2,32.2,32.2,386.0
2021,1,Arunachal Pradesh,15.4,15.4,15.4,15.4,15.4,15.4,15.4,15.4,15.4,15.4,15.4,15.4,184.6
2021,2,Assam & Meghalaya,9.9,9.9,9.9,9.9,9.9,9.9,9.9,9.9,9.9,9.9,9.9,9.9,119.1
2021,2,Sub-Himalayan West Bengal & Sikkim,9.1,9.1,9.1,9.1,9.1,9.1,9.1,9.1,9.1,9.1,9.1,9.1,109.0
2021,2,Naga-Mani-Mizo-Tripura,14.3,14.3,14.3,14.3,14.3,14.3,14.3,14.3,14.3,14.3,14.3,14.3,171.6
2021,2,Arunachal Pradesh,2.4,2.4,2.4,2.4,2.4,2.4,2.4,2.4,2.4,2.4,2.4,2.4,28.2
2021,3,Assam & Meghalaya,13.7,13.7,13.7,13.7,13.7,13.7,13.7,13.7,13.7,13.7,13.7,13.7,165.0
2021,3,Sub-Himalayan West Bengal & Sikkim,15.6,15.6,15.6,15.6,15.6,15.6,15.6,15.6,15.6,15.6,15.6,15.6,187.3
2021,3,Naga-Mani-Mizo-Tripura,33.4,33.4,33.4,33.4,33.4,33.4,33.4,33.4,33.4,33.4,33.4,33.4,401.4
2021,3,Arunachal Pradesh,24.4,24.4,24.4,24.4,24.4,24.4,24.4,24.4,24.4,24.4,24.4,24.4,293.2
2021,4,Assam & Meghalaya,25.3,25.3,25.3,25.3,25.3,25.3,25.3,25.3,25.3,25.3,25.3,25.3,304.1
2021,4,Sub-Himalayan West Bengal & Sikkim,7.9,7.9,7.9,7.9,7.9,7.9,7.9,7.9,7.9,7.9,7.9,7.9,94.4
2021,4,Naga-Mani-Mizo-Tripura,21.7,21.7,21.7,21.7,21.7,21.7,21.7,21.7,21.7,21.7,21.7,21.7,260.4
2021,4,Arunachal Pradesh,3.6,3.6,3.6,3.6,3.6,3.6,3.6,3.6,3.6,3.6,3.6,3.6,43.3
2021,5,Assam & Meghalaya,89.4,89.4,89.4,89.4,89.4,89.4,89.4,89.4,89.4,89.4,89.4,89.4,1072.3
2021,5,Sub-Himalayan West Bengal & Sikkim,92.6,92.6,92.6,92.6,92.6,92.6,92.6,92.6,92.6,92.6,92.6,92.6,1110.7
2021,5,Naga-Mani-Mizo-Tripura,57.0,57.0,57.0,57.0,57.0,57.0,57.0,57.0,57.0,57.0,57.0,57.0,684.1
2021,5,Arunachal Pradesh,140.0,140.0,140.0,140.0,140.0,140.0,140.0,140.0,140.0,140.0,140.0,140.0,1679.8
2021,6,Assam & Meghalaya,345.4,345.4,345.4,345.4,345.4,345.4,345.4,345.4,345.4,345.4,345.4,345.4,4144.7
2021,6,Sub-Himalayan West Bengal & Sikkim,147.8,147.8,147.8,147.8,147.8,147.8,147.8,147.8,147.8,147.8,147.8,147.8,1773.4
2021,6,Naga-Mani-Mizo-Tripura,344.2,344.2,344.2,344.2,344.2,344.2,344.2,344.2,344.2,344.2,344.2,344.2,4130.7
2021,6,Arunachal Pradesh,267.4,267.4,267.4,267.4,267.4,267.4,267.4,267.4,267.4,267.4,267.4,267.4,3208.9
2021,7,Assam & Meghalaya,300.1,300.1,300.1,300.1,300.1,300.1,300.1,300.1,300.1,300.1,300.1,300.1,3601.3
2021,7,Sub-Himalayan West Bengal & Sikkim,337.3,337.3,337.3,337.3,337.3,337.3,337.3,337.3,337.3,337.3,337.3,337.3,4047.1
2021,7,Naga-Mani-Mizo-Tripura,331.2,331.2,331.2,331.2,331.2,331.2,331.2,331.2,331.2,331.2,331.2,331.2,3974.9
2021,7,Arunachal Pradesh,136.9,136.9,136.9,136.9,136.9,136.9,136.9,136.9,136.9,136.9,136.9,136.9,1642.4
2021,8,Assam & Meghalaya,207.3,207.3,207.3,207.3,207.3,207.3,207.3,207.3,207.3,207.3,207.3,207.3,2488.0
2021,8,Sub-Himalayan West Bengal & Sikkim,361.8,361.8,361.8,361.8,361.8,361.8,361.8,361.8,361.8,361.8,361.8,361.8,4341.7
2021,8,Naga-Mani-Mizo-Tripura,404.1,404.1,404.1,404.1,404.1,404.1,404.1,404.1,404.1,404.1,404.1,404.1,4849.2
2021,8,Arunachal Pradesh,452.3,452.3,452.3,452.3,452.3,452.3,452.3,452.3,452.3,452.3,452.3,452.3,5427.0
2021,9,Assam & Meghalaya,444.3,444.3,444.3,444.3,444.3,444.3,444.3,444.3,444.3,444.3,444.3,444.3,5331.0
2021,9,Sub-Himalayan West Bengal & Sikkim,135.6,135.6,135.6,135.6,135.6,135.6,135.6,135.6,135.6,135.6,135.6,135.6,1626.7
2021,9,Naga-Mani-Mizo-Tripura,361.6,361.6,361.6,361.6,361.6,361.6,361.6,361.6,361.6,361.6,361.6,361.6,4338.7
2021,9,Arunachal Pradesh,146.7,146.7,146.7,146.7,146.7,146.7,146.7,146.7,146.7,146.7,146.7,146.7,1760.4
2021,10,Assam & Meghalaya,128.4,128.4,128.4,128.4,128.4,128.4,128.4,128.4,128.4,128.4,128.4,128.4,1540.9
2021,10,Sub-Himalayan West Bengal & Sikkim,87.6,87.6,87.6,87.6,87.6,87.6,87.6,87.6,87.6,87.6,87.6,87.6,1051.2
2021,10,Naga-Mani-Mizo-Tripura,45.8,45.8,45.8,45.8,45.8,45.8,45.8,45.8,45.8,45.8,45.8,45.8,549.2
2021,10,Arunachal Pradesh,140.3,140.3,140.3,140.3,140.3,140.3,140.3,140.3,140.3,140.3,140.3,140.3,1683.6
2021,11,Assam & Meghalaya,99.3,99.3,99.3,99.3,99.3,99.3,99.3,99.3,99.3,99.3,99.3,99.3,1191.8
2021,11,Sub-Himalayan West Bengal & Sikkim,23.3,23.3,23.3,23.3,23.3,23.3,23.3,23.3,23.3,23.3,23.3,23.3,279.2
2021,11,Naga-Mani-Mizo-Tripura,88.8,88.8,88.8,88.8,88.8,88.8,88.8,88.8,88.8,88.8,88.8,88.8,1065.6
2021,11,Arunachal Pradesh,58.1,58.1,58.1,58.1,58.1,58.1,58.1,58.1,58.1,58.1,58.1,58.1,696.8
2021,12,Assam & Meghalaya,16.1,16.1,16.1,16.1,16.1,16.1,16.1,16.1,16.1,16.1,16.1,16.1,193.4
2021,12,Sub-Himalayan West Bengal & Sikkim,10.3,10.3,10.3,10.3,10.3,10.3,10.3,10.3,10.3,10.3,10.3,10.3,124.2
2021,12,Naga-Mani-Mizo-Tripura,28.7,28.7,28.7,28.7,28.7,28.7,28.7,28.7,28.7,28.7,28.7,28.7,344.8
2021,12,Arunachal Pradesh,0.8,0.8,0.8,0.8,0.8,0.8,0.8,0.8,0.8,0.8,0.8,0.8,9.2
2022,1,Assam & Meghalaya,18.2,18.2,18.2,18.2,18.2,18.2,18.2,18.2,18.2,18.2,18.2,18.2,218.1
2022,1,Sub-Himalayan West Bengal & Sikkim,33.1,33.1,33.1,33.1,33.1,33.1,33.1,33.1,33.1,33.1,33.1,33.1,397.7
2022,1,Naga-Mani-Mizo-Tripura,6.7,6.7,6.7,6.7,6.7,6.7,6.7,6.7,6.7,6.7,6.7,6.7,80.8
2022,1,Arunachal Pradesh,17.1,17.1,17.1,17.1,17.1,17.1,17.1,17.1,17.1,17.1,17.1,17.1,205.3
2022,2,Assam & Meghalaya,17.0,17.0,17.0,17.0,17.0,17.0,17.0,17.0,17.0,17.0,17.0,17.0,204.2
2022,2,Sub-Himalayan West Bengal & Sikkim,8.1,8.1,8.1,8.1,8.1,8.1,8.1,8.1,8.1,8.1,8.1,8.1,97.2
2022,2,Naga-Mani-Mizo-Tripura,21.5,21.5,21.5,21.5,21.5,21.5,21.5,21.5,21.5,21.5,21.5,21.5,257.7
2022,2,Arunachal Pradesh,16.0,16.0,16.0,16.0,16.0,16.0,16.0,16.0,16.0,16.0,16.0,16.0,191.6
2022,3,Assam & Meghalaya,5.6,5.6,5.6,5.6,5.6,5.6,5.6,5.6,5.6,5.6,5.6,5.6,66.7
2022,3,Sub-Himalayan West Bengal & Sikkim,32.6,32.6,32.6,32.6,32.6,32.6,32.6,32.6,32.6,32.6,32.6,32.6,391.4
2022,3,Naga-Mani-Mizo-Tripura,22.9,22.9,22.9,22.9,22.9,22.9,22.9,22.9,22.9,22.9,22.9,22.9,275.0
2022,3,Arunachal Pradesh,13.3,13.3,13.3,13.3,13.3,13.3,13.3,13.3,13.3,13.3,13.3,13.3,159.9
2022,4,Assam & Meghalaya,8.6,8.6,8.6,8.6,8.6,8.6,8.6,8.6,8.6,8.6,8.6,8.6,103.6
2022,4,Sub-Himalayan West Bengal & Sikkim,7.2,7.2,7.2,7.2,7.2,7.2,7.2,7.2,7.2,7.2,7.2,7.2,85.9
2022,4,Naga-Mani-Mizo-Tripura,27.3,27.3,27.3,27.3,27.3,27.3,27.3,27.3,27.3,27.3,27.3,27.3,327.7
2022,4,Arunachal Pradesh,13.5,13.5,13.5,13.5,13.5,13.5,13.5,13.5,13.5,13.5,13.5,13.5,162.4
2022,5,Assam & Meghalaya,93.8,93.8,93.8,93.8,93.8,93.8,93.8,93.8,93.8,93.8,93.8,93.8,1125.4
2022,5,Sub-Himalayan West Bengal & Sikkim,74.5,74.5,74.5,74.5,74.5,74.5,74.5,74.5,74.5,74.5,74.5,74.5,893.6
2022,5,Naga-Mani-Mizo-Tripura,98.5,98.5,98.5,98.5,98.5,98.5,98.5,98.5,98.5,98.5,98.5,98.5,1181.9
2022,5,Arunachal Pradesh,76.5,76.5,76.5,76.5,76.5,76.5,76.5,76.5,76.5,76.5,76.5,76.5,918.2
2022,6,Assam & Meghalaya,361.1,361.1,361.1,361.1,361.1,361.1,361.1,361.1,361.1,361.1,361.1,361.1,4333.3
2022,6,Sub-Himalayan West Bengal & Sikkim,285.3,285.3,285.3,285.3,285.3,285.3,285.3,285.3,285.3,285.3,285.3,285.3,3424.1
2022,6,Naga-Mani-Mizo-Tripura,366.4,366.4,366.4,366.4,366.4,366.4,366.4,366.4,366.4,366.4,366.4,366.4,4396.4
2022,6,Arunachal Pradesh,353.8,353.8,353.8,353.8,353.8,353.8,353.8,353.8,353.8,353.8,353.8,353.8,4245.5
2022,7,Assam & Meghalaya,290.7,290.7,290.7,290.7,290.7,290.7,290.7,290.7,290.7,290.7,290.7,290.7,3488.1
2022,7,Sub-Himalayan West Bengal & Sikkim,231.2,231.2,231.2,231.2,231.2,231.2,231.2,231.2,231.2,231.2,231.2,231.2,2774.6
2022,7,Naga-Mani-Mizo-Tripura,224.8,224.8,224.8,224.8,224.8,224.8,224.8,224.8,224.8,224.8,224.8,224.8,2697.5
2022,7,Arunachal Pradesh,240.7,240.7,240.7,240.7,240.7,240.7,240.7,240.7,240.7,240.7,240.7,240.7,2888.9
2022,8,Assam & Meghalaya,221.2,221.2,221.2,221.2,221.2,221.2,221.2,221.2,221.2,221.2,221.2,221.2,2654.9
2022,8,Sub-Himalayan West Bengal & Sikkim,369.3,369.3,369.3,369.3,369.3,369.3,369.3,369.3,369.3,369.3,369.3,369.3,4431.2
2022,8,Naga-Mani-Mizo-Tripura,296.3,296.3,296.3,296.3,296.3,296.3,296.3,296.3,296.3,296.3,296.3,296.3,3555.3
2022,8,Arunachal Pradesh,425.6,425.6,425.6,425.6,425.6,425.6,425.6,425.6,425.6,425.6,425.6,425.6,5107.3
2022,9,Assam & Meghalaya,482.3,482.3,482.3,482.3,482.3,482.3,482.3,482.3,482.3,482.3,482.3,482.3,5788.2
2022,9,Sub-Himalayan West Bengal & Sikkim,301.9,301.9,301.9,301.9,301.9,301.9,301.9,301.9,301.9,301.9,301.9,301.9,3623.3
2022,9,Naga-Mani-Mizo-Tripura,176.2,176.2,176.2,176.2,176.2,176.2,176.2,176.2,176.2,176.2,176.2,176.2,2113.9
2022,9,Arunachal Pradesh,269.5,269.5,269.5,269.5,269.5,269.5,269.5,269.5,269.5,269.5,269.5,269.5,3233.8
2022,10,Assam & Meghalaya,77.7,77.7,77.7,77.7,77.7,77.7,77.7,77.7,77.7,77.7,77.7,77.7,932.9
2022,10,Sub-Himalayan West Bengal & Sikkim,35.3,35.3,35.3,35.3,35.3,35.3,35.3,35.3,35.3,35.3,35.3,35.3,424.2
2022,10,Naga-Mani-Mizo-Tripura,72.5,72.5,72.5,72.5,72.5,72.5,72.5,72.5,72.5,72.5,72.5,72.5,869.8
2022,10,Arunachal Pradesh,88.6,88.6,88.6,88.6,88.6,88.6,88.6,88.6,88.6,88.6,88.6,88.6,1063.3
2022,11,Assam & Meghalaya,66.2,66.2,66.2,66.2,66.2,66.2,66.2,66.2,66.2,66.2,66.2,66.2,794.6
2022,11,Sub-Himalayan West Bengal & Sikkim,56.9,56.9,56.9,56.9,56.9,56.9,56.9,56.9,56.9,56.9,56.9,56.9,683.4
2022,11,Naga-Mani-Mizo-Tripura,57.2,57.2,57.2,57.2,57.2,57.2,57.2,57.2,57.2,57.2,57.2,57.2,686.8
2022,11,Arunachal Pradesh,133.6,133.6,133.6,133.6,133.6,133.6,133.6,133.6,133.6,133.6,133.6,133.6,1603.2
2022,12,Assam & Meghalaya,13.4,13.4,13.4,13.4,13.4,13.4,13.4,13.4,13.4,13.4,13.4,13.4,160.8
2022,12,Sub-Himalayan West Bengal & Sikkim,6.7,6.7,6.7,6.7,6.7,6.7,6.7,6.7,6.7,6.7,6.7,6.7,80.4
2022,12,Naga-Mani-Mizo-Tripura,11.3,11.3,11.3,11.3,11.3,11.3,11.3,11.3,11.3,11.3,11.3,11.3,135.3
2022,12,Arunachal Pradesh,24.5,24.5,24.5,24.5,24.5,24.5,24.5,24.5,24.5,24.5,24.5,24.5,294.5
2023,1,Assam & Meghalaya,8.2,8.2,8.2,8.2,8.2,8.2,8.2,8.2,8.2,8.2,8.2,8.2,97.8
2023,1,Sub-Himalayan West Bengal & Sikkim,19.8,19.8,19.8,19.8,19.8,19.8,19.8,19.8,19.8,19.8,19.8,19.8,237.8
2023,1,Naga-Mani-Mizo-Tripura,22.3,22.3,22.3,22.3,22.3,22.3,22.3,22.3,22.3,22.3,22.3,22.3,267.3
2023,1,Arunachal Pradesh,22.5,22.5,22.5,22.5,22.5,22.5,22.5,22.5,22.5,22.5,22.5,22.5,269.9
2023,2,Assam & Meghalaya,29.0,29.0,29.0,29.0,29.0,29.0,29.0,29.0,29.0,29.0,29.0,29.0,348.0
2023,2,Sub-Himalayan West Bengal & Sikkim,9.5,9.5,9.5,9.5,9.5,9.5,9.5,9.5,9.5,9.5,9.5,9.5,113.9
2023,2,Naga-Mani-Mizo-Tripura,26.3,26.3,26.3,26.3,26.3,26.3,26.3,26.3,26.3,26.3,26.3,26.3,315.9
2023,2,Arunachal Pradesh,7.1,7.1,7.1,7.1,7.1,7.1,7.1,7.1,7.1,7.1,7.1,7.1,84.9
2023,3,Assam & Meghalaya,11.0,11.0,11.0,11.0,11.0,11.0,11.0,11.0,11.0,11.0,11.0,11.0,132.4
2023,3,Sub-Himalayan West Bengal & Sikkim,27.0,27.0,27.0,27.0,27.0,27.0,27.0,27.0,27.0,27.0,27.0,27.0,323.5
2023,3,Naga-Mani-Mizo-Tripura,23.2,23.2,23.2,23.2,23.2,23.2,23.2,23.2,23.2,23.2,23.2,23.2,278.7
2023,3,Arunachal Pradesh,15.0,15.0,15.0,15.0,15.0,15.0,15.0,15.0,15.0,15.0,15.0,15.0,180.3
2023,4,Assam & Meghalaya,3.1,3.1,3.1,3.1,3.1,3.1,3.1,3.1,3.1,3.1,3.1,3.1,37.0
2023,4,Sub-Himalayan West Bengal & Sikkim,20.6,20.6,20.6,20.6,20.6,20.6,20.6,20.6,20.6,20.6,20.6,20.6,247.4
2023,4,Naga-Mani-Mizo-Tripura,8.7,8.7,8.7,8.7,8.7,8.7,8.7,8.7,8.7,8.7,8.7,8.7,104.4
2023,4,Arunachal Pradesh,5.8,5.8,5.8,5.8,5.8,5.8,5.8,5.8,5.8,5.8,5.8,5.8,69.1
2023,5,Assam & Meghalaya,60.6,60.6,60.6,60.6,60.6,60.6,60.6,60.6,60.6,60.6,60.6,60.6,726.7
2023,5,Sub-Himalayan West Bengal & Sikkim,87.4,87.4,87.4,87.4,87.4,87.4,87.4,87.4,87.4,87.4,87.4,87.4,1048.7
2023,5,Naga-Mani-Mizo-Tripura,16.4,16.4,16.4,16.4,16.4,16.4,16.4,16.4,16.4,16.4,16.4,16.4,196.4
2023,5,Arunachal Pradesh,90.8,90.8,90.8,90.8,90.8,90.8,90.8,90.8,90.8,90.8,90.8,90.8,1089.9
2023,6,Assam & Meghalaya,313.9,313.9,313.9,313.9,313.9,313.9,313.9,313.9,313.9,313.9,313.9,313.9,3767.0
2023,6,Sub-Himalayan West Bengal & Sikkim,253.2,253.2,253.2,253.2,253.2,253.2,253.2,253.2,253.2,253.2,253.2,253.2,3038.9
2023,6,Naga-Mani-Mizo-Tripura,383.0,383.0,383.0,383.0,383.0,383.0,383.0,383.0,383.0,383.0,383.0,383.0,4595.5
2023,6,Arunachal Pradesh,348.9,348.9,348.9,348.9,348.9,348.9,348.9,348.9,348.9,348.9,348.9,348.9,4187.0
2023,7,Assam & Meghalaya,251.5,251.5,251.5,251.5,251.5,251.5,251.5,251.5,251.5,251.5,251.5,251.5,3018.0
2023,7,Sub-Himalayan West Bengal & Sikkim,246.4,246.4,246.4,246.4,246.4,246.4,246.4,246.4,246.4,246.4,246.4,246.4,2956.8
2023,7,Naga-Mani-Mizo-Tripura,355.6,355.6,355.6,355.6,355.6,355.6,355.6,355.6,355.6,355.6,355.6,355.6,4267.3
2023,7,Arunachal Pradesh,178.7,178.7,178.7,178.7,178.7,178.7,178.7,178.7,178.7,178.7,178.7,178.7,2144.6
2023,8,Assam & Meghalaya,273.4,273.4,273.4,273.4,273.4,273.4,273.4,273.4,273.4,273.4,273.4,273.4,3280.7
2023,8,Sub-Himalayan West Bengal & Sikkim,249.5,249.5,249.5,249.5,249.5,249.5,249.5,249.5,249.5,249.5,249.5,249.5,2994.2
2023,8,Naga-Mani-Mizo-Tripura,305.6,305.6,305.6,305.6,305.6,305.6,305.6,305.6,305.6,305.6,305.6,305.6,3667.1
2023,8,Arunachal Pradesh,316.9,316.9,316.9,316.9,316.9,316.9,316.9,316.9,316.9,316.9,316.9,316.9,3802.7
2023,9,Assam & Meghalaya,302.9,302.9,302.9,302.9,302.9,302.9,302.9,302.9,302.9,302.9,302.9,302.9,3635.3
2023,9,Sub-Himalayan West Bengal & Sikkim,390.8,390.8,390.8,390.8,390.8,390.8,390.8,390.8,390.8,390.8,390.8,390.8,4689.5
2023,9,Naga-Mani-Mizo-Tripura,318.2,318.2,318.2,318.2,318.2,318.2,318.2,318.2,318.2,318.2,318.2,318.2,3818.9
2023,9,Arunachal Pradesh,274.8,274.8,274.8,274.8,274.8,274.8,274.8,274.8,274.8,274.8,274.8,274.8,3297.6
2023,10,Assam & Meghalaya,43.7,43.7,43.7,43.7,43.7,43.7,43.7,43.7,43.7,43.7,43.7,43.7,524.1
2023,10,Sub-Himalayan West Bengal & Sikkim,101.7,101.7,101.7,101.7,101.7,101.7,101.7,101.7,101.7,101.7,101.7,101.7,1219.9
2023,10,Naga-Mani-Mizo-Tripura,95.8,95.8,95.8,95.8,95.8,95.8,95.8,95.8,95.8,95.8,95.8,95.8,1150.1
2023,10,Arunachal Pradesh,123.5,123.5,123.5,123.5,123.5,123.5,123.5,123.5,123.5,123.5,123.5,123.5,1482.3
2023,11,Assam & Meghalaya,57.6,57.6,57.6,57.6,57.6,57.6,57.6,57.6,57.6,57.6,57.6,57.6,690.9
2023,11,Sub-Himalayan West Bengal & Sikkim,80.8,80.8,80.8,80.8,80.8,80.8,80.8,80.8,80.8,80.8,80.8,80.8,969.5
2023,11,Naga-Mani-Mizo-Tripura,78.2,78.2,78.2,78.2,78.2,78.2,78.2,78.2,78.2,78.2,78.2,78.2,938.9
2023,11,Arunachal Pradesh,77.4,77.4,77.4,77.4,77.4,77.4,77.4,77.4,77.4,77.4,77.4,77.4,928.5
2023,12,Assam & Meghalaya,15.1,15.1,15.1,15.1,15.1,15.1,15.1,15.1,15.1,15.1,15.1,15.1,181.2
2023,12,Sub-Himalayan West Bengal & Sikkim,0,0,0,0,0,0,0,0,0,0,0,0,0
2023,12,Naga-Mani-Mizo-Tripura,23.2,23.2,23.2,23.2,23.2,23.2,23.2,23.2,23.2,23.2,23.2,23.2,279.0
2023,12,Arunachal Pradesh,21.5,21.5,21.5,21.5,21.5,21.5,21.5,21.5,21.5,21.5,21.5,21.5,258.4
2024,1,Assam & Meghalaya,26.3,26.3,26.3,26.3,26.3,26.3,26.3,26.3,26.3,26.3,26.3,26.3,315.7
2024,1,Sub-Himalayan West Bengal & Sikkim,37.5,37.5,37.5,37.5,37.5,37.5,37.5,37.5,37.5,37.5,37.5,37.5,449.9
2024,1,Naga-Mani-Mizo-Tripura,11.8,11.8,11.8,11.8,11.8,11.8,11.8,11.8,11.8,11.8,11.8,11.8,141.7
2024,1,Arunachal Pradesh,14.6,14.6,14.6,14.6,14.6,14.6,14.6,14.6,14.6,14.6,14.6,14.6,175.7
2024,2,Assam & Meghalaya,15.1,15.1,15.1,15.1,15.1,15.1,15.1,15.1,15.1,15.1,15.1,15.1,181.2
2024,2,Sub-Himalayan West Bengal & Sikkim,34.4,34.4,34.4,34.4,34.4,34.4,34.4,34.4,34.4,34.4,34.4,34.4,413.1
2024,2,Naga-Mani-Mizo-Tripura,0,0,0,0,0,0,0,0,0,0,0,0,0
2024,2,Arunachal Pradesh,19.9,19.9,19.9,19.9,19.9,19.9,19.9,19.9,19.9,19.9,19.9,19.9,238.3
2024,3,Assam & Meghalaya,0.3,0.3,0.3,0.3,0.3,0.3,0.3,0.3,0.3,0.3,0.3,0.3,3.5
2024,3,Sub-Himalayan West Bengal & Sikkim,0,0,0,0,0,0,0,0,0,0,0,0,0
2024,3,Naga-Mani-Mizo-Tripura,0,0,0,0,0,0,0,0,0,0,0,0,0
2024,3,Arunachal Pradesh,1.2,1.2,1.2,1.2,1.2,1.2,1.2,1.2,1.2,1.2,1.2,1.2,14.2
2024,4,Assam & Meghalaya,25.7,25.7,25.7,25.7,25.7,25.7,25.7,25.7,25.7,25.7,25.7,25.7,308.3
2024,4,Sub-Himalayan West Bengal & Sikkim,6.3,6.3,6.3,6.3,6.3,6.3,6.3,6.3,6.3,6.3,6.3,6.3,75.8
2024,4,Naga-Mani-Mizo-Tripura,12.7,12.7,12.7,12.7,12.7,12.7,12.7,12.7,12.7,12.7,12.7,12.7,152.7
2024,4,Arunachal Pradesh,3.4,3.4,3.4,3.4,3.4,3.4,3.4,3.4,3.4,3.4,3.4,3.4,40.4
2024,5,Assam & Meghalaya,98.3,98.3,98.3,98.3,98.3,98.3,98.3,98.3,98.3,98.3,98.3,98.3,1179.9
2024,5,Sub-Himalayan West Bengal & Sikkim,46.9,46.9,46.9,46.9,46.9,46.9,46.9,46.9,46.9,46.9,46.9,46.9,563.3
2024,5,Naga-Mani-Mizo-Tripura,119.5,119.5,119.5,119.5,119.5,119.5,119.5,119.5,119.5,119.5,119.5,119.5,1434.4
2024,5,Arunachal Pradesh,50.2,50.2,50.2,50.2,50.2,50.2,50.2,50.2,50.2,50.2,50.2,50.2,602.5
2024,6,Assam & Meghalaya,238.8,238.8,238.8,238.8,238.8,238.8,238.8,238.8,238.8,238.8,238.8,238.8,2865.8
2024,6,Sub-Himalayan West Bengal & Sikkim,309.8,309.8,309.8,309.8,309.8,309.8,309.8,309.8,309.8,309.8,309.8,309.8,3717.8
2024,6,Naga-Mani-Mizo-Tripura,302.0,302.0,302.0,302.0,302.0,302.0,302.0,302.0,302.0,302.0,302.0,302.0,3623.7
2024,6,Arunachal Pradesh,414.0,414.0,414.0,414.0,414.0,414.0,414.0,414.0,414.0,414.0,414.0,414.0,4967.7
2024,7,Assam & Meghalaya,309.6,309.6,309.6,309.6,309.6,309.6,309.6,309.6,309.6,309.6,309.6,309.6,3715.6
2024,7,Sub-Himalayan West Bengal & Sikkim,203.4,203.4,203.4,203.4,203.4,203.4,203.4,203.4,203.4,203.4,203.4,203.4,2440.5
2024,7,Naga-Mani-Mizo-Tripura,255.2,255.2,255.2,255.2,255.2,255.2,255.2,255.2,255.2,255.2,255.2,255.2,3062.1
2024,7,Arunachal Pradesh,254.2,254.2,254.2,254.2,254.2,254.2,254.2,254.2,254.2,254.2,254.2,254.2,3050.1
2024,8,Assam & Meghalaya,358.0,358.0,358.0,358.0,358.0,358.0,358.0,358.0,358.0,358.0,358.0,358.0,4296.0
2024,8,Sub-Himalayan West Bengal & Sikkim,330.7,330.7,330.7,330.7,330.7,330.7,330.7,330.7,330.7,330.7,330.7,330.7,3968.4
2024,8,Naga-Mani-Mizo-Tripura,290.4,290.4,290.4,290.4,290.4,290.4,290.4,290.4,290.4,290.4,290.4,290.4,3485.4
2024,8,Arunachal Pradesh,369.6,369.6,369.6,369.6,369.6,369.6,369.6,369.6,369.6,369.6,369.6,369.6,4434.8
2024,9,Assam & Meghalaya,257.7,257.7,257.7,257.7,257.7,257.7,257.7,257.7,257.7,257.7,257.7,257.7,3092.6
2024,9,Sub-Himalayan West Bengal & Sikkim,289.1,289.1,289.1,289.1,289.1,289.1,289.1,289.1,289.1,289.1,289.1,289.1,3469.2
2024,9,Naga-Mani-Mizo-Tripura,314.5,314.5,314.5,314.5,314.5,314.5,314.5,314.5,314.5,314.5,314.5,314.5,3773.5
2024,9,Arunachal Pradesh,422.3,422.3,422.3,422.3,422.3,422.3,422.3,422.3,422.3,422.3,422.3,422.3,5067.1
2024,10,Assam & Meghalaya,77.0,77.0,77.0,77.0,77.0,77.0,77.0,77.0,77.0,77.0,77.0,77.0,924.5
2024,10,Sub-Himalayan West Bengal & Sikkim,69.5,69.5,69.5,69.5,69.5,69.5,69.5,69.5,69.5,69.5,69.5,69.5,833.7
2024,10,Naga-Mani-Mizo-Tripura,48.6,48.6,48.6,48.6,48.6,48.6,48.6,48.6,48.6,48.6,48.6,48.6,583.5
2024,10,Arunachal Pradesh,100.6,100.6,100.6,100.6,100.6,100.6,100.6,100.6,100.6,100.6,100.6,100.6,1207.0
2024,11,Assam & Meghalaya,62.4,62.4,62.4,62.4,62.4,62.4,62.4,62.4,62.4,62.4,62.4,62.4,748.4
2024,11,Sub-Himalayan West Bengal & Sikkim,90.3,90.3,90.3,90.3,90.3,90.3,90.3,90.3,90.3,90.3,90.3,90.3,1083.7
2024,11,Naga-Mani-Mizo-Tripura,23.0,23.0,23.0,23.0,23.0,23.0,23.0,23.0,23.0,23.0,23.0,23.0,275.4
2024,11,Arunachal Pradesh,111.3,111.3,111.3,111.3,111.3,111.3,111.3,111.3,111.3,111.3,111.3,111.3,1335.5
2024,12,Assam & Meghalaya,1.7,1.7,1.7,1.7,1.7,1.7,1.7,1.7,1.7,1.7,1.7,1.7,20.2
2024,12,Sub-Himalayan West Bengal & Sikkim,7.2,7.2,7.2,7.2,7.2,7.2,7.2,7.2,7.2,7.2,7.2,7.2,86.7
2024,12,Naga-Mani-Mizo-Tripura,25.6,25.6,25.6,25.6,25.6,25.6,25.6,25.6,25.6,25.6,25.6,25.6,307.0
2024,12,Arunachal Pradesh,1.7,1.7,1.7,1.7,1.7,1.7,1.7,1.7,1.7,1.7,1.7,1.7,19.9
2025,1,Assam & Meghalaya,14.2,14.2,14.2,14.2,14.2,14.2,14.2,14.2,14.2,14.2,14.2,14.2,170.5
2025,1,Sub-Himalayan West Bengal & Sikkim,15.7,15.7,15.7,15.7,15.7,15.7,15.7,15.7,15.7,15.7,15.7,15.7,188.9
2025,1,Naga-Mani-Mizo-Tripura,5.0,5.0,5.0,5.0,5.0,5.0,5.0,5.0,5.0,5.0,5.0,5.0,60.2
2025,1,Arunachal Pradesh,28.4,28.4,28.4,28.4,28.4,28.4,28.4,28.4,28.4,28.4,28.4,28.4,341.2
2025,2,Assam & Meghalaya,30.0,30.0,30.0,30.0,30.0,30.0,30.0,30.0,30.0,30.0,30.0,30.0,359.9
2025,2,Sub-Himalayan West Bengal & Sikkim,0,0,0,0,0,0,0,0,0,0,0,0,0
2025,2,Naga-Mani-Mizo-Tripura,0.5,0.5,0.5,0.5,0.5,0.5,0.5,0.5,0.5,0.5,0.5,0.5,6.1
2025,2,Arunachal Pradesh,23.1,23.1,23.1,23.1,23.1,23.1,23.1,23.1,23.1,23.1,23.1,23.1,277.0
2025,3,Assam & Meghalaya,2.0,2.0,2.0,2.0,2.0,2.0,2.0,2.0,2.0,2.0,2.0,2.0,23.6
2025,3,Sub-Himalayan West Bengal & Sikkim,11.1,11.1,11.1,11.1,11.1,11.1,11.1,11.1,11.1,11.1,11.1,11.1,133.4
2025,3,Naga-Mani-Mizo-Tripura,16.3,16.3,16.3,16.3,16.3,16.3,16.3,16.3,16.3,16.3,16.3,16.3,195.5
2025,3,Arunachal Pradesh,21.9,21.9,21.9,21.9,21.9,21.9,21.9,21.9,21.9,21.9,21.9,21.9,263.0
2025,4,Assam & Meghalaya,12.8,12.8,12.8,12.8,12.8,12.8,12.8,12.8,12.8,12.8,12.8,12.8,153.2
2025,4,Sub-Himalayan West Bengal & Sikkim,16.0,16.0,16.0,16.0,16.0,16.0,16.0,16.0,16.0,16.0,16.0,16.0,191.4
2025,4,Naga-Mani-Mizo-Tripura,7.2,7.2,7.2,7.2,7.2,7.2,7.2,7.2,7.2,7.2,7.2,7.2,86.8
2025,4,Arunachal Pradesh,27.9,27.9,27.9,27.9,27.9,27.9,27.9,27.9,27.9,27.9,27.9,27.9,335.1
2025,5,Assam & Meghalaya,65.1,65.1,65.1,65.1,65.1,65.1,65.1,65.1,65.1,65.1,65.1,65.1,781.7
2025,5,Sub-Himalayan West Bengal & Sikkim,90.2,90.2,90.2,90.2,90.2,90.2,90.2,90.2,90.2,90.2,90.2,90.2,1082.3
2025,5,Naga-Mani-Mizo-Tripura,64.7,64.7,64.7,64.7,64.7,64.7,64.7,64.7,64.7,64.7,64.7,64.7,775.8
2025,5,Arunachal Pradesh,83.2,83.2,83.2,83.2,83.2,83.2,83.2,83.2,83.2,83.2,83.2,83.2,998.3
2025,6,Assam & Meghalaya,286.5,286.5,286.5,286.5,286.5,286.5,286.5,286.5,286.5,286.5,286.5,286.5,3438.6
2025,6,Sub-Himalayan West Bengal & Sikkim,287.0,287.0,287.0,287.0,287.0,287.0,287.0,287.0,287.0,287.0,287.0,287.0,3444.0
2025,6,Naga-Mani-Mizo-Tripura,218.9,218.9,218.9,218.9,218.9,218.9,218.9,218.9,218.9,218.9,218.9,218.9,2626.8
2025,6,Arunachal Pradesh,363.7,363.7,363.7,363.7,363.7,363.7,363.7,363.7,363.7,363.7,363.7,363.7,4364.6
2025,7,Assam & Meghalaya,413.1,413.1,413.1,413.1,413.1,413.1,413.1,413.1,413.1,413.1,413.1,413.1,4957.5
2025,7,Sub-Himalayan West Bengal & Sikkim,319.5,319.5,319.5,319.5,319.5,319.5,319.5,319.5,319.5,319.5,319.5,319.5,3833.4
2025,7,Naga-Mani-Mizo-Tripura,358.6,358.6,358.6,358.6,358.6,358.6,358.6,358.6,358.6,358.6,358.6,358.6,4303.0
2025,7,Arunachal Pradesh,367.0,367.0,367.0,367.0,367.0,367.0,367.0,367.0,367.0,367.0,367.0,367.0,4404.5
2025,8,Assam & Meghalaya,374.2,374.2,374.2,374.2,374.2,374.2,374.2,374.2,374.2,374.2,374.2,374.2,4490.9
2025,8,Sub-Himalayan West Bengal & Sikkim,324.3,324.3,324.3,324.3,324.3,324.3,324.3,324.3,324.3,324.3,324.3,324.3,3891.2
2025,8,Naga-Mani-Mizo-Tripura,317.0,317.0,317.0,317.0,317.0,317.0,317.0,317.0,317.0,317.0,317.0,317.0,3803.8
2025,8,Arunachal Pradesh,369.1,369.1,369.1,369.1,369.1,369.1,369.1,369.1,369.1,369.1,369.1,369.1,4429.4
2025,9,Assam & Meghalaya,305.5,305.5,305.5,305.5,305.5,305.5,305.5,305.5,305.5,305.5,305.5,305.5,3666.1
2025,9,Sub-Himalayan West Bengal & Sikkim,222.1,222.1,222.1,222.1,222.1,222.1,222.1,222.1,222.1,222.1,222.1,222.1,2665.0
2025,9,Naga-Mani-Mizo-Tripura,301.9,301.9,301.9,301.9,301.9,301.9,301.9,301.9,301.9,301.9,301.9,301.9,3622.9
2025,9,Arunachal Pradesh,148.9,148.9,148.9,148.9,148.9,148.9,148.9,148.9,148.9,148.9,148.9,148.9,1787.1
2025,10,Assam & Meghalaya,79.8,79.8,79.8,79.8,79.8,79.8,79.8,79.8,79.8,79.8,79.8,79.8,957.9
2025,10,Sub-Himalayan West Bengal & Sikkim,92.4,92.4,92.4,92.4,92.4,92.4,92.4,92.4,92.4,92.4,92.4,92.4,1108.8
2025,10,Naga-Mani-Mizo-Tripura,117.1,117.1,117.1,117.1,117.1,117.1,117.1,117.1,117.1,117.1,117.1,117.1,1405.0
2025,10,Arunachal Pradesh,84.5,84.5,84.5,84.5,84.5,84.5,84.5,84.5,84.5,84.5,84.5,84.5,1014.5
2025,11,Assam & Meghalaya,107.8,107.8,107.8,107.8,107.8,107.8,107.8,107.8,107.8,107.8,107.8,107.8,1294.1
2025,11,Sub-Himalayan West Bengal & Sikkim,80.0,80.0,80.0,80.0,80.0,80.0,80.0,80.0,80.0,80.0,80.0,80.0,959.8
2025,11,Naga-Mani-Mizo-Tripura,49.3,49.3,49.3,49.3,49.3,49.3,49.3,49.3,49.3,49.3,49.3,49.3,591.5
2025,11,Arunachal Pradesh,37.7,37.7,37.7,37.7,37.7,37.7,37.7,37.7,37.7,37.7,37.7,37.7,451.9
2025,12,Assam & Meghalaya,5.3,5.3,5.3,5.3,5.3,5.3,5.3,5.3,5.3,5.3,5.3,5.3,63.6
2025,12,Sub-Himalayan West Bengal & Sikkim,1.3,1.3,1.3,1.3,1.3,1.3,1.3,1.3,1.3,1.3,1.3,1.3,16.1
2025,12,Naga-Mani-Mizo-Tripura,21.3,21.3,21.3,21.3,21.3,21.3,21.3,21.3,21.3,21.3,21.3,21.3,256.0
2025,12,Arunachal Pradesh,12.9,12.9,12.9,12.9,12.9,12.9,12.9,12.9,12.9,12.9,12.9,12.9,155.1
